-- Insérer 10 participants dans la table PARTICIPANT
INSERT INTO PARTICIPANT (NOMPATIENT, ADRESSEPAT, DDNPAT, PROFPAT, NUMERO)
VALUES ('John Doe', '123 Rue Principale', TO_DATE('1990-01-15', 'YYYY-MM-DD'), 'Ingénieur', 1);
INSERT INTO PARTICIPANT (NOMPATIENT, ADRESSEPAT, DDNPAT, PROFPAT, NUMERO)
VALUES ('Jane Smith', '456 Avenue Chêne', TO_DATE('1985-03-20', 'YYYY-MM-DD'), 'Médecin', 2);
INSERT INTO PARTICIPANT (NOMPATIENT, ADRESSEPAT, DDNPAT, PROFPAT, NUMERO)
VALUES ('Alice Johnson', '789 Route Pin', TO_DATE('1978-09-05', 'YYYY-MM-DD'), 'Enseignante', 3);
INSERT INTO PARTICIPANT (NOMPATIENT, ADRESSEPAT, DDNPAT, PROFPAT, NUMERO)
VALUES ('Bob Williams', '101 Chemin Orme', TO_DATE('1995-07-12', 'YYYY-MM-DD'), 'Étudiant', 4);
INSERT INTO PARTICIPANT (NOMPATIENT, ADRESSEPAT, DDNPAT, PROFPAT, NUMERO)
VALUES ('Eva Davis', '202 Boulevard Cèdre', TO_DATE('1982-04-30', 'YYYY-MM-DD'), 'Artiste', 5);
INSERT INTO PARTICIPANT (NOMPATIENT, ADRESSEPAT, DDNPAT, PROFPAT, NUMERO)
VALUES ('Michael Brown', '303 Allée Érable', TO_DATE('1973-11-18', 'YYYY-MM-DD'), 'Comptable', 6);
INSERT INTO PARTICIPANT (NOMPATIENT, ADRESSEPAT, DDNPAT, PROFPAT, NUMERO)
VALUES ('Sophie Wilson', '404 Avenue Bouleau', TO_DATE('1998-08-22', 'YYYY-MM-DD'), 'Écrivaine', 7);
INSERT INTO PARTICIPANT (NOMPATIENT, ADRESSEPAT, DDNPAT, PROFPAT, NUMERO)
VALUES ('David Miller', '505 Rue Noyer', TO_DATE('1987-06-10', 'YYYY-MM-DD'), 'Chef', 8);
INSERT INTO PARTICIPANT (NOMPATIENT, ADRESSEPAT, DDNPAT, PROFPAT, NUMERO)
VALUES ('Olivia Taylor', '606 Route Sapin', TO_DATE('1992-02-25', 'YYYY-MM-DD'), 'Infirmière', 9);
INSERT INTO PARTICIPANT (NOMPATIENT, ADRESSEPAT, DDNPAT, PROFPAT, NUMERO)
VALUES ('William Turner', '707 Allée Pin', TO_DATE('1975-12-08', 'YYYY-MM-DD'), 'Pilote', 10);


-- Insérer 10 formateurs dans la table FORMATEUR avec des compétences médicales
INSERT INTO FORMATEUR (COMPTFORM, PRENOMFORM, TITREFORM, IDFORM)
VALUES ('Chirurgie cardiaque', 'John', 'Professeur agrégé', 1);
INSERT INTO FORMATEUR (COMPTFORM, PRENOMFORM, TITREFORM, IDFORM)
VALUES ('Oncologie pédiatrique', 'Jane', 'Maître de conférences', 2);
INSERT INTO FORMATEUR (COMPTFORM, PRENOMFORM, TITREFORM, IDFORM)
VALUES ('Neurologie', 'Alice', 'Professeur des Universités', 3);
INSERT INTO FORMATEUR (COMPTFORM, PRENOMFORM, TITREFORM, IDFORM)
VALUES ('Orthopédie', 'Bob', 'Intervenant spécial', 4);
INSERT INTO FORMATEUR (COMPTFORM, PRENOMFORM, TITREFORM, IDFORM)
VALUES ('Gynécologie', 'Eva', 'Professeur agrégé', 5);
INSERT INTO FORMATEUR (COMPTFORM, PRENOMFORM, TITREFORM, IDFORM)
VALUES ('Psychiatrie', 'Michael', 'Maître de conférences', 6);
INSERT INTO FORMATEUR (COMPTFORM, PRENOMFORM, TITREFORM, IDFORM)
VALUES ('Cardiologie', 'Sophie', 'Professeur des Universités', 7);
INSERT INTO FORMATEUR (COMPTFORM, PRENOMFORM, TITREFORM, IDFORM)
VALUES ('Radiologie', 'David', 'Intervenant spécial', 8);
INSERT INTO FORMATEUR (COMPTFORM, PRENOMFORM, TITREFORM, IDFORM)
VALUES ('Anesthésiologie', 'Olivia', 'Professeur agrégé', 9);
INSERT INTO FORMATEUR (COMPTFORM, PRENOMFORM, TITREFORM, IDFORM)
VALUES ('Urologie', 'William', 'Maître de conférences', 10);

-- Insérer 4 cours  dans la table COURS
INSERT INTO COURS (LIEUCOURS, INTITULECOURS, CODECOURS, ANNEECOURS, IDFORM)
VALUES ('Hôpital Central', 'Chirurgie cardiaque', 101, 2024, 1);
INSERT INTO COURS (LIEUCOURS, INTITULECOURS, CODECOURS, ANNEECOURS, IDFORM)
VALUES ('Université de Médecine', 'Neurologie', 102, 2024, 3);
INSERT INTO COURS (LIEUCOURS, INTITULECOURS, CODECOURS, ANNEECOURS, IDFORM)
VALUES ('Institut de Radiologie', 'Radiologie', 103, 2024, 8);
INSERT INTO COURS (LIEUCOURS, INTITULECOURS, CODECOURS, ANNEECOURS, IDFORM)
VALUES ('Centre de Santé Mentale', 'Psychiatrie', 104, 2024, 6);

-- Insérer 2 séquences pour chaque cours dans la table SEQUENCE
    -- Séquences pour le Cours de Chirurgie Avancée
    INSERT INTO SEQUENCE (DATESQ, DUREESQ, IDSQ, ANNEECOURS, CODECOURS, ETATSQ)
    VALUES (TO_DATE('2024-05-21', 'YYYY-MM-DD'), 4, 301, 2024, 101, 'Planifié');
    INSERT INTO SEQUENCE (DATESQ, DUREESQ, IDSQ, ANNEECOURS, CODECOURS, ETATSQ)
    VALUES (TO_DATE('2024-06-18', 'YYYY-MM-DD'), 3, 302, 2024, 101, 'Confirmé');
    -- Séquences pour le Cours de Neurosciences
    INSERT INTO SEQUENCE (DATESQ, DUREESQ, IDSQ, ANNEECOURS, CODECOURS, ETATSQ)
    VALUES (TO_DATE('2024-07-05', 'YYYY-MM-DD'), 5, 303, 2024, 102, 'Planifié');
    INSERT INTO SEQUENCE (DATESQ, DUREESQ, IDSQ, ANNEECOURS, CODECOURS, ETATSQ)
    VALUES (TO_DATE('2024-08-12', 'YYYY-MM-DD'), 4, 304, 2024, 102, 'Confirmé');
    -- Séquences pour le Cours de Radiologie Pratique
    INSERT INTO SEQUENCE (DATESQ, DUREESQ, IDSQ, ANNEECOURS, CODECOURS, ETATSQ)
    VALUES (TO_DATE('2024-09-15', 'YYYY-MM-DD'), 4, 305, 2024, 103, 'Planifié');
    INSERT INTO SEQUENCE (DATESQ, DUREESQ, IDSQ, ANNEECOURS, CODECOURS, ETATSQ)
    VALUES (TO_DATE('2024-10-20', 'YYYY-MM-DD'), 3, 306, 2024, 103, 'Confirmé');
    -- Séquences pour le Cours de Psychiatrie Moderne
    INSERT INTO SEQUENCE (DATESQ, DUREESQ, IDSQ, ANNEECOURS, CODECOURS, ETATSQ)
    VALUES (TO_DATE('2024-11-02', 'YYYY-MM-DD'), 6, 307, 2024, 104, 'Planifié');
    INSERT INTO SEQUENCE (DATESQ, DUREESQ, IDSQ, ANNEECOURS, CODECOURS, ETATSQ)
    VALUES (TO_DATE('2024-12-10', 'YYYY-MM-DD'), 5, 308, 2024, 104, 'Confirmé');

--Insérer 4 engagements à des cours dans la table ENGAGER
INSERT INTO ENGAGER (NUMERO, ANNEECOURS, CODECOURS, MONTANT, SOLDE)
VALUES (1, 2024, 101, 500.00, 0.00);
INSERT INTO ENGAGER (NUMERO, ANNEECOURS, CODECOURS, MONTANT, SOLDE)
VALUES (2, 2024, 102, 450.00, 0.00);
INSERT INTO ENGAGER (NUMERO, ANNEECOURS, CODECOURS, MONTANT, SOLDE)
VALUES (3, 2024, 103, 400.00, 0.00);
INSERT INTO ENGAGER (NUMERO, ANNEECOURS, CODECOURS, MONTANT, SOLDE)
VALUES (4, 2024, 104, 550.00, 0.00);

--Participation à des séquences
INSERT INTO PARTICIPER (NUMERO, IDSQ) VALUES (1, 301);
INSERT INTO PARTICIPER (NUMERO, IDSQ) VALUES (2, 301);
INSERT INTO PARTICIPER (NUMERO, IDSQ) VALUES (3, 302);
INSERT INTO PARTICIPER (NUMERO, IDSQ) VALUES (4, 302);
INSERT INTO PARTICIPER (NUMERO, IDSQ) VALUES (5, 303);
INSERT INTO PARTICIPER (NUMERO, IDSQ) VALUES (6, 303);
INSERT INTO PARTICIPER (NUMERO, IDSQ) VALUES (7, 304);
INSERT INTO PARTICIPER (NUMERO, IDSQ) VALUES (8, 304);
INSERT INTO PARTICIPER (NUMERO, IDSQ) VALUES (9, 305);
INSERT INTO PARTICIPER (NUMERO, IDSQ) VALUES (10, 305);
INSERT INTO PARTICIPER (NUMERO, IDSQ) VALUES (1, 306);
INSERT INTO PARTICIPER (NUMERO, IDSQ) VALUES (2, 306);
INSERT INTO PARTICIPER (NUMERO, IDSQ) VALUES (3, 307);
INSERT INTO PARTICIPER (NUMERO, IDSQ) VALUES (4, 307);
INSERT INTO PARTICIPER (NUMERO, IDSQ) VALUES (5, 308);
INSERT INTO PARTICIPER (NUMERO, IDSQ) VALUES (6, 308);


--Insérer 4 conférences dans la table CONFERENCE

INSERT INTO CONFERENCE (DOMAINECONF, DATECONF, IDCONF, IDFORM)
VALUES ('Innovations en Chirurgie Cardiaque', TO_DATE('2024-05-15', 'YYYY-MM-DD'), 201, 1);
INSERT INTO CONFERENCE (DOMAINECONF, DATECONF, IDCONF, IDFORM)
VALUES ('Avancées en Neurologie', TO_DATE('2024-06-20', 'YYYY-MM-DD'), 202, 3);
INSERT INTO CONFERENCE (DOMAINECONF, DATECONF, IDCONF, IDFORM)
VALUES ('Radiologie du Futur', TO_DATE('2024-09-10', 'YYYY-MM-DD'), 203, 8);
INSERT INTO CONFERENCE (DOMAINECONF, DATECONF, IDCONF, IDFORM)
VALUES ('Nouvelles Approches en Psychiatrie', TO_DATE('2024-11-05', 'YYYY-MM-DD'), 204, 6);

--Insérer des valeurs pour faire participer des participants aux conférences
INSERT INTO ASSISTER (NUMERO, IDCONF) VALUES (1, 201);
INSERT INTO ASSISTER (NUMERO, IDCONF) VALUES (2, 201);
INSERT INTO ASSISTER (NUMERO, IDCONF) VALUES (3, 202);
INSERT INTO ASSISTER (NUMERO, IDCONF) VALUES (4, 202);
INSERT INTO ASSISTER (NUMERO, IDCONF) VALUES (5, 203);
INSERT INTO ASSISTER (NUMERO, IDCONF) VALUES (6, 203);
INSERT INTO ASSISTER (NUMERO, IDCONF) VALUES (7, 204);
INSERT INTO ASSISTER (NUMERO, IDCONF) VALUES (8, 204);
INSERT INTO ASSISTER (NUMERO, IDCONF) VALUES (9, 201);
INSERT INTO ASSISTER (NUMERO, IDCONF) VALUES (10, 201);
INSERT INTO ASSISTER (NUMERO, IDCONF) VALUES (1, 202);
INSERT INTO ASSISTER (NUMERO, IDCONF) VALUES (2, 202);
INSERT INTO ASSISTER (NUMERO, IDCONF) VALUES (3, 203);
INSERT INTO ASSISTER (NUMERO, IDCONF) VALUES (4, 203);
INSERT INTO ASSISTER (NUMERO, IDCONF) VALUES (5, 204);
INSERT INTO ASSISTER (NUMERO, IDCONF) VALUES (6, 204);

--Insérer les valeurs pour que les conférences paient les formateursINSERT INTO FINANCER (IDCONF, DATEFIN, FORFAITCONF) VALUES (201, TO_DATE('2024-05-16', 'YYYY-MM-DD'), 10000.0);
INSERT INTO FINANCER (IDCONF, DATEFIN, FORFAITCONF) VALUES (201, TO_DATE('2024-05-16', 'YYYY-MM-DD'), 10000.0);
INSERT INTO FINANCER (IDCONF, DATEFIN, FORFAITCONF) VALUES (202, TO_DATE('2024-06-21', 'YYYY-MM-DD'), 12000.0);
INSERT INTO FINANCER (IDCONF, DATEFIN, FORFAITCONF) VALUES (203, TO_DATE('2024-09-11', 'YYYY-MM-DD'), 8000.0);
INSERT INTO FINANCER (IDCONF, DATEFIN, FORFAITCONF) VALUES (204, TO_DATE('2024-11-06', 'YYYY-MM-DD'), 15000.0);
